{
  "signal_threshold": 0.4539183772242,
  "tp_atr_mult": 4.945900181744916,
  "sl_atr_mult": 2.5701864478264587,
  "max_hold_bars": 74,
  "cooldown_bars": 8,
  "position_fraction": 0.43157035653717857,
  "kelly_fraction": 0.12915106090997558,
  "atr_period": 17,
  "w_r0_f0": 0.3855284922517713,
  "w_r0_f1": 0.7367804505712854,
  "w_r0_f3": -0.11203206181303925,
  "w_r1_f0": -0.7911517333717664,
  "w_r1_f1": -0.4480846753623418,
  "w_r1_f3": 0.6052110190310374
}