{
  "lookback": 13,
  "tp_atr_mult": 4.775549176425016,
  "sl_atr_mult": 1.5114234372222253,
  "max_hold_bars": 58,
  "cooldown_bars": 7,
  "vol_ma_period": 16,
  "vol_surge_mult": 1.3078238198454026,
  "tbr_long_min": 0.5385287681792257,
  "tbr_short_max": 0.4044009338456344,
  "atr_period": 30,
  "position_fraction": 0.3692951908379847,
  "max_dd_halt": 0.25793805794665403,
  "max_loss_per_trade": 0.06151000604215048,
  "rsi_period": 10,
  "rsi_oversold": 26.38974229529251,
  "rsi_overbought": 61.055302780691825,
  "atr_ma_period": 50,
  "momentum_filter_period": 22,
  "correlation_lookback": 18,
  "ma_type": 0,
  "volatility_regime_filter": 0.25139268753052,
  "dynamic_position_size": 0.2991179608700608,
  "atr_threshold_filter": 1.685712557231706,
  "consecutive_signal_filter": 5,
  "time_based_exit": 11,
  "adx_period": 14
}