{
  "lookback": 10,
  "tp_atr_mult": 5.013554947943956,
  "sl_atr_mult": 1.6242304748260965,
  "max_hold_bars": 34,
  "cooldown_bars": 5,
  "vol_ma_period": 15,
  "vol_surge_mult": 1.323243071627558,
  "tbr_long_min": 0.5507288090522199,
  "tbr_short_max": 0.39821882229678424,
  "atr_period": 17,
  "position_fraction": 0.1460876467475777,
  "max_dd_halt": 0.4521724425892619,
  "max_loss_per_trade": 0.09783212483324508,
  "rsi_period": 28,
  "rsi_oversold": 30.6076663149135,
  "rsi_overbought": 70.51768297139826,
  "atr_smoothing_period": 16,
  "dynamic_position_scaling": 0.2539255575878462,
  "correlation_filter_lag": 13,
  "ma_type": 2,
  "volatility_regime_threshold": 0.9757518770838999,
  "time_based_exit_hours": 19,
  "momentum_confirmation_bars": 14,
  "volatility_trend_lookback": 50,
  "dynamic_risk_multiplier": 1.6256392615848603,
  "adx_period": 14
}